Samples,Al_at%,DepTemp,Deptemp Reported(0/1),AnnealTemp,AnnealTemp Repoted(0/1),Thickness_nm,CarrierConc_cm-3,Bandgap_eV,Temp_(K),Mobility_cm2v-1s-1,Crystallite_size,Journal,DOI
S1,2.23,27,1,NAN,0,200,NAN,NAN,300,NAN,16.31,Applied Surface Science,10.1016/j.apsusc.2015.04.233
S2,2.23,27,1,300,1,200,NAN,NAN,300,NAN,17.33,Applied Surface Science,10.1016/j.apsusc.2015.04.233
S3,2.23,27,1,400,1,200,NAN,NAN,300,NAN,18.08,Applied Surface Science,10.1016/j.apsusc.2015.04.233
S4,2.23,27,1,500,1,200,NAN,NAN,300,NAN,18.91,Applied Surface Science,10.1016/j.apsusc.2015.04.233
S5,7.41,27,1,NAN,0,200,NAN,3.6,300,NAN,NAN,Applied Surface Science,10.1016/j.apsusc.2015.04.233
S6,7.41,27,1,300,1,200,NAN,3.6,300,NAN,NAN,Applied Surface Science,10.1016/j.apsusc.2015.04.233
S7,7.41,27,1,400,1,200,NAN,3.6,300,NAN,16.97,Applied Surface Science,10.1016/j.apsusc.2015.04.233
S8,7.41,27,1,500,1,200,NAN,3.6,300,NAN,17.7,Applied Surface Science,10.1016/j.apsusc.2015.04.233
S9,9,27,1,NAN,0,200,NAN,3.56,300,NAN,NAN,Applied Surface Science,10.1016/j.apsusc.2015.04.233
S10,9,27,1,300,1,200,NAN,3.56,300,NAN,NAN,Applied Surface Science,10.1016/j.apsusc.2015.04.233
S11,9,27,1,400,1,200,NAN,3.56,300,NAN,NAN,Applied Surface Science,10.1016/j.apsusc.2015.04.233
S12,9,27,1,500,1,200,NAN,3.56,300,NAN,NAN,Applied Surface Science,10.1016/j.apsusc.2015.04.233
S13,12.3,27,1,NAN,0,200,NAN,3.54,300,NAN,17.32,Applied Surface Science,10.1016/j.apsusc.2015.04.233
S14,12.3,27,1,300,1,200,NAN,3.54,300,NAN,16.63,Applied Surface Science,10.1016/j.apsusc.2015.04.233
S15,12.3,27,1,400,1,200,NAN,3.54,300,NAN,20.79,Applied Surface Science,10.1016/j.apsusc.2015.04.233
S16,12.3,27,1,500,1,200,NAN,3.54,300,NAN,16.97,Applied Surface Science,10.1016/j.apsusc.2015.04.233
S17,15.62,27,1,NAN,0,200,NAN,3.2,300,NAN,12.98,Applied Surface Science,10.1016/j.apsusc.2015.04.233
S18,15.62,27,1,300,1,200,NAN,3.2,300,NAN,14.33,Applied Surface Science,10.1016/j.apsusc.2015.04.233
S19,15.62,27,1,400,1,200,NAN,3.54,300,NAN,15.4,Applied Surface Science,10.1016/j.apsusc.2015.04.233
S20,15.62,27,1,500,1,200,NAN,3.54,300,NAN,18.48,Applied Surface Science,10.1016/j.apsusc.2015.04.233
S21,17.86,27,1,NAN,0,200,NAN,3.18,300,NAN,13.62,Applied Surface Science,10.1016/j.apsusc.2015.04.233
S22,17.86,27,1,300,1,200,NAN,3.18,300,NAN,15.9,Applied Surface Science,10.1016/j.apsusc.2015.04.233
S23,17.86,27,1,400,1,200,NAN,3.38,300,NAN,13.87,Applied Surface Science,10.1016/j.apsusc.2015.04.233
S24,17.86,27,1,500,1,200,NAN,3.38,300,NAN,15.12,Applied Surface Science,10.1016/j.apsusc.2015.04.233
S25,1.6,25,1,NAN,0,300,2.40E+20,3.64,300,15,23,Vacuum,10.1016/j.vacuum.2009.12.015
S26,1.6,25,1,NAN,0,600,2.20E+20,3.6,300,17,26,Vacuum,10.1016/j.vacuum.2009.12.015
S27,1.6,25,1,NAN,0,1100,2.20E+20,3.56,300,19,29,Vacuum,10.1016/j.vacuum.2009.12.015
S28,1.6,25,1,250,1,600,2.90E+20,3.7,300,17,28,Vacuum,10.1016/j.vacuum.2009.12.015
S29,1.6,25,1,250,1,600,3.30E+20,3.7,300,20,29,Vacuum,10.1016/j.vacuum.2009.12.015
S30,1.6,25,1,350,1,600,3.20E+20,3.62,300,32,33,Vacuum,10.1016/j.vacuum.2009.12.015
S31,3,25,1,NAN,0,700,NAN,2.85,303,NAN,9.7,Surface & Coatings Technology,10.1016/j.surfcoat.2017.04.072
S32,3,25,1,200,1,700,NAN,2.9,303,NAN,12,Surface & Coatings Technology,10.1016/j.surfcoat.2017.04.072
S33,3,25,1,300,1,700,NAN,2.95,303,NAN,15,Surface & Coatings Technology,10.1016/j.surfcoat.2017.04.072
S34,3,25,1,400,1,700,NAN,3.07,303,NAN,17.2,Surface & Coatings Technology,10.1016/j.surfcoat.2017.04.072
S35,0.4,300,1,NAN,0,250,2.40E+20,NAN,300,34.6,NAN,Solar Energy Materials and Solar Cells,10.1016/j.solmat.2019.110159
S36,0.4,300,1,300,1,250,2.63E+20,NAN,300,34.2,NAN,Solar Energy Materials and Solar Cells,10.1016/j.solmat.2019.110159
S37,0.4,300,1,400,1,250,2.30E+20,NAN,300,23.9,NAN,Solar Energy Materials and Solar Cells,10.1016/j.solmat.2019.110159
S38,0.4,300,1,500,1,250,7.30E+19,NAN,300,20.8,NAN,Solar Energy Materials and Solar Cells,10.1016/j.solmat.2019.110159
S39,0.4,300,1,600,1,250,3.20E+19,NAN,300,16.2,NAN,Solar Energy Materials and Solar Cells,10.1016/j.solmat.2019.110159
S40,2,25,1,NAN,0,300,5.00E+20,3.64,300,8,23,Vacuum,10.1016/j.vacuum.2009.12.015
S41,2,25,1,NAN,0,600,5.50E+20,3.6,300,11,25,Vacuum,10.1016/j.vacuum.2009.12.015
S42,2,25,1,NAN,0,1100,6.00E+20,3.56,300,15,29,Vacuum,10.1016/j.vacuum.2009.12.015
S43,2,25,1,350,1,300,7.00E+20,3.69,300,11,28,Vacuum,10.1016/j.vacuum.2009.12.015
S44,2,25,1,350,1,600,7.50E+20,3.66,300,14,30,Vacuum,10.1016/j.vacuum.2009.12.015
S45,2,25,1,350,1,1100,8.00E+20,3.63,300,18,33,Vacuum,10.1016/j.vacuum.2009.12.015
S46,0,150,1,NAN,0,41.2,1.77E+19,3.3,300,NAN,NAN,Nanoscale Research Letters,10.1186/s11671-016-1625-0
S47,3.7,150,1,NAN,0,41.7,2.60E+20,3.36,300,NAN,NAN,Nanoscale Research Letters,10.1186/s11671-016-1625-0
S48,4.9,150,1,NAN,0,44.3,4.41E+20,3.42,300,NAN,NAN,Nanoscale Research Letters,10.1186/s11671-016-1625-0
S49,7.1,150,1,NAN,0,46.8,2.30E+20,3.48,300,NAN,NAN,Nanoscale Research Letters,10.1186/s11671-016-1625-0
S50,12.7,150,1,NAN,0,48.6,8.00E+19,3.55,300,NAN,NAN,Nanoscale Research Letters,10.1186/s11671-016-1625-0
S51,0.5,300,1,650,1,150,NAN,3.28,300,NAN,NAN,Nanoscale Research Letters,10.1186/1556-276X-7-639
S52,1,300,1,650,1,150,NAN,3.29,300,NAN,NAN,Nanoscale Research Letters,10.1186/1556-276X-7-639
S53,1.5,300,1,650,1,150,NAN,3.29,300,NAN,NAN,Nanoscale Research Letters,10.1186/1556-276X-7-639
S54,2,300,1,650,1,150,NAN,3.29,300,NAN,NAN,Nanoscale Research Letters,10.1186/1556-276X-7-639
S55,1,80,1,300,1,350,6.78E+18,3.37,300,26.56,43.8,Applied Nanoscience,10.1007/s13204-015-0400-3
S56,2,80,1,300,1,350,7.89E+18,NAN,300,23.67,43.3,Applied Nanoscience,10.1007/s13204-015-0400-3
S57,3,80,1,300,1,350,9.03E+18,3.52,300,22.01,44.5,Applied Nanoscience,10.1007/s13204-015-0400-3
S58,4,80,1,300,1,350,8.22E+18,NAN,300,20.69,39.6,Applied Nanoscience,10.1007/s13204-015-0400-3
S59,0,480,1,NAN,0,867,3.40E+16,3.2,300,22.5,23.2,Journal of Alloys and Compounds,10.1016/j.jallcom.2016.08.022
S60,0.8,480,1,NAN,0,647,3.01E+17,3.22,300,13.9,22.5,Journal of Alloys and Compounds,10.1016/j.jallcom.2016.08.022
S61,1.8,480,1,NAN,0,490,5.65E+18,3.29,300,12.42,26,Journal of Alloys and Compounds,10.1016/j.jallcom.2016.08.022
S62,3.4,480,1,NAN,0,409,3.95E+19,3.31,300,5.43,29.6,Journal of Alloys and Compounds,10.1016/j.jallcom.2016.08.022
S63,4.9,480,1,NAN,0,371,1.66E+20,3.34,300,1.99,31.9,Journal of Alloys and Compounds,10.1016/j.jallcom.2016.08.022
S64,10.9,480,1,NAN,0,479,2.67E+20,3.41,300,1.1,25.2,Journal of Alloys and Compounds,10.1016/j.jallcom.2016.08.022
S65,11.9,480,1,NAN,0,467,2.74E+20,3.44,300,0.63,23.5,Journal of Alloys and Compounds,10.1016/j.jallcom.2016.08.022
S66,12.7,480,1,NAN,0,887,1.89E+20,3.5,300,0.65,22,Journal of Alloys and Compounds,10.1016/j.jallcom.2016.08.022
S67,13.9,480,1,NAN,0,841,1.20E+20,3.47,300,0.54,21.4,Journal of Alloys and Compounds,10.1016/j.jallcom.2016.08.022
S68,16.4,480,1,NAN,0,430,1.94E+18,3.37,300,2.26,15.9,Journal of Alloys and Compounds,10.1016/j.jallcom.2016.08.022
